,FinCap_Goals,FinCap_EmergencyFund,FinCap_AutoDeposit,FinCap_IncomeExpenses,FinCap_LateFee
0,,,,,
1,2.0,0.0,0.0,1.0,0.0
2,2.0,0.0,0.0,1.0,0.0
3,,,,,
4,,,,,
5,,,,,
6,,,,,
7,,,,,
8,,,,,
9,,,,,
10,,,,,
11,,,,,
12,2.0,0.0,0.0,0.0,0.0
13,2.0,0.0,0.0,0.0,0.0
14,,,,,
15,,,,,
16,1.0,0.0,0.0,0.0,0.0
17,1.0,0.0,0.0,0.0,0.0
18,,,,,
19,,,,,
20,,,,,
21,0.0,0.0,0.0,0.0,0.0
22,,,,,
23,,,,,
24,,,,,
25,2.0,0.0,1.0,1.0,1.0
26,2.0,0.0,1.0,1.0,1.0
27,1.0,0.0,1.0,1.0,0.0
28,,,,,
29,,,,,
30,,,,,
31,,,,,
32,,,,,
33,,,,,
34,,,,,
35,,,,,
36,,,,,
37,,,,,
38,,,,,
39,,,,,
40,2.0,0.0,0.0,0.0,0.0
41,2.0,0.0,0.0,0.0,0.0
42,,,,,
43,,,,,
44,,,,,
45,,,,,
46,,,,,
47,,,,,
48,,,,,
49,,,,,
50,,,,,
51,,,,,
52,,,,,
53,1.0,1.0,1.0,0.0,0.0
54,,,,,
55,,,,,
56,,,,,
57,,,,,
58,,,,,
59,1.0,0.0,1.0,1.0,1.0
60,,,,,
61,,,,,
62,,,,,
63,,,,,
64,2.0,0.0,1.0,1.0,1.0
65,2.0,0.0,1.0,1.0,1.0
66,,,,,
67,,,,,
68,,,,,
69,2.0,1.0,1.0,1.0,0.0
70,,,,,
71,,,,,
72,,,,,
73,,,,,
74,,,,,
75,,,,,
76,,,,,
77,1.0,0.0,0.0,0.0,1.0
78,,,,,
79,,,,,
80,,,,,
81,,,,,
82,,,,,
83,,,,,
84,,,,,
85,,,,,
86,,,,,
87,,,,,
88,,,,,
89,,,,,
90,,,,,
91,2.0,0.0,0.0,0.0,0.0
92,2.0,0.0,0.0,0.0,0.0
93,2.0,0.0,0.0,0.0,0.0
94,2.0,0.0,0.0,0.0,0.0
95,,,,,
96,,,,,
97,,,,,
98,,,,,
99,,,,,
100,,,,,
101,,,,,
102,,,,,
103,,,,,
104,2.0,1.0,1.0,1.0,1.0
105,,,,,
106,,,,,
107,,,,,
108,,,,,
109,,,,,
110,,,,,
111,,,,,
112,,,,,
113,,,,,
114,,,,,
115,,,,,
116,,,,,
117,,,,,
118,,,,,
119,,,,,
120,2.0,1.0,0.0,1.0,0.0
121,,,,,
122,2.0,1.0,1.0,1.0,0.0
123,,,,,
124,1.0,1.0,1.0,0.0,0.0
125,,,,,
126,,,,,
127,,,,,
128,,,,,
129,,,,,
130,,,,,
131,,,,,
132,,,,,
133,,,,,
134,,,,,
135,,,,,
136,,,,,
137,,,,,
138,,,,,
139,,,,,
140,,,,,
141,,,,,
142,,,,,
143,,,,,
144,,,,,
145,,,,,
146,,,,,
147,,,,,
148,,,,,
149,,,,,
150,,,,,
151,,,,,
152,2.0,0.0,1.0,1.0,0.0
153,,,,,
154,,,,,
155,2.0,1.0,1.0,0.0,0.0
156,,,,,
157,,,,,
158,,,,,
159,,,,,
160,,,,,
161,,,,,
162,,,,,
163,,,,,
164,,,,,
165,,,,,
166,2.0,0.0,0.0,0.0,0.0
167,2.0,0.0,0.0,0.0,0.0
168,,,,,
169,,,,,
170,,,,,
171,,,,,
172,,,,,
173,,,,,
174,2.0,0.0,0.0,0.0,0.0
175,1.0,0.0,0.0,0.0,0.0
176,1.0,0.0,0.0,0.0,0.0
177,,,,,
178,,,,,
179,,,,,
180,,,,,
181,,,,,
182,2.0,0.0,1.0,0.0,0.0
183,,,,,
184,,,,,
185,,,,,
186,,,,,
187,,,,,
188,,,,,
189,,,,,
190,,,,,
191,,,,,
192,,,,,
193,,,,,
194,,,,,
195,,,,,
196,,,,,
197,,,,,
198,,,,,
199,,,,,
200,,,,,
201,,,,,
202,2.0,1.0,1.0,0.0,0.0
203,1.0,0.0,1.0,1.0,0.0
204,,,,,
205,,,,,
206,,,,,
207,,,,,
208,,,,,
209,,,,,
210,,,,,
211,,,,,
212,,,,,
213,,,,,
214,,,,,
215,,,,,
216,,,,,
217,,,,,
218,,,,,
219,,,,,
220,,,,,
221,,,,,
222,,,,,
223,2.0,0.0,0.0,0.0,0.0
224,2.0,0.0,0.0,0.0,0.0
225,,,,,
226,,,,,
227,2.0,1.0,1.0,1.0,0.0
228,1.0,0.0,0.0,0.0,1.0
229,,,,,
230,,,,,
231,,,,,
232,0.0,0.0,0.0,1.0,0.0
233,,,,,
234,,,,,
235,,,,,
236,,,,,
237,2.0,0.0,1.0,1.0,0.0
238,1.0,0.0,1.0,1.0,1.0
239,,,,,
240,,,,,
241,,,,,
242,,,,,
243,,,,,
244,2.0,1.0,1.0,1.0,0.0
245,,,,,
246,,,,,
247,,,,,
248,,,,,
249,,,,,
250,,,,,
251,,,,,
252,2.0,0.0,0.0,0.0,0.0
253,,,,,
254,,,,,
255,,,,,
256,,,,,
257,,,,,
258,,,,,
259,,,,,
260,,,,,
261,,,,,
262,,,,,
263,,,,,
264,,,,,
265,,,,,
266,,,,,
267,,,,,
268,,,,,
269,,,,,
270,,,,,
271,,,,,
272,,,,,
273,,,,,
274,,,,,
275,,,,,
276,,,,,
277,,,,,
278,,,,,
279,,,,,
280,,,,,
281,,,,,
282,1.0,0.0,1.0,0.0,1.0
283,1.0,0.0,0.0,1.0,0.0
284,,,,,
285,2.0,0.0,1.0,0.0,0.0
286,,,,,
287,,,,,
288,,,,,
289,2.0,0.0,0.0,1.0,0.0
290,,,,,
291,,,,,
292,,,,,
293,,,,,
294,,,,,
295,,,,,
296,,,,,
297,2.0,0.0,0.0,0.0,0.0
298,2.0,0.0,0.0,0.0,0.0
299,,,,,
300,,,,,
301,,,,,
302,,,,,
303,,,,,
304,,,,,
305,,,,,
306,,,,,
307,,,,,
308,,,,,
309,,,,,
310,,,,,
311,,,,,
312,,,,,
313,,,,,
314,,,,,
315,,,,,
316,2.0,0.0,0.0,0.0,0.0
317,2.0,0.0,0.0,0.0,0.0
318,,,,,
319,,,,,
320,,,,,
321,,,,,
322,2.0,0.0,1.0,1.0,0.0
323,,,,,
324,,,,,
325,,,,,
326,,,,,
327,,,,,
328,,,,,
329,,,,,
330,1.0,0.0,0.0,0.0,0.0
331,,,,,
332,2.0,1.0,1.0,1.0,0.0
333,,,,,
334,,,,,
335,,,,,
336,,,,,
337,,,,,
338,,,,,
339,,,,,
340,,,,,
341,,,,,
342,,,,,
343,,,,,
344,2.0,0.0,0.0,0.0,0.0
345,,,,,
346,,,,,
347,,,,,
348,,,,,
349,,,,,
350,,,,,
351,,,,,
352,,,,,
353,,,,,
354,,,,,
355,,,,,
356,,,,,
357,,,,,
358,,,,,
359,,,,,
360,,,,,
361,2.0,0.0,0.0,0.0,0.0
362,,,,,
363,,,,,
364,2.0,0.0,0.0,1.0,1.0
365,2.0,1.0,1.0,1.0,0.0
366,,,,,
367,,,,,
368,2.0,0.0,0.0,1.0,0.0
369,,,,,
370,2.0,0.0,0.0,0.0,0.0
371,2.0,0.0,0.0,0.0,0.0
372,,,,,
373,,,,,
374,,,,,
375,,,,,
376,,,,,
377,,,,,
378,,,,,
379,,,,,
380,,,,,
381,,,,,
382,,,,,
383,1.0,0.0,1.0,0.0,1.0
384,2.0,1.0,1.0,0.0,0.0
385,2.0,1.0,1.0,1.0,0.0
386,2.0,0.0,1.0,1.0,0.0
387,,,,,
388,,,,,
389,1.0,0.0,0.0,0.0,0.0
390,,,,,
391,,,,,
392,,,,,
393,,,,,
394,,,,,
395,,,,,
396,2.0,1.0,1.0,1.0,0.0
397,,,,,
398,,,,,
399,,,,,
400,,,,,
401,,,,,
402,2.0,0.0,1.0,1.0,0.0
403,,,,,
404,,,,,
405,,,,,
406,,,,,
407,,,,,
408,,,,,
409,,,,,
410,1.0,0.0,1.0,0.0,0.0
411,,,,,
412,,,,,
413,1.0,0.0,0.0,1.0,0.0
414,,,,,
415,2.0,0.0,0.0,0.0,0.0
416,2.0,0.0,1.0,0.0,0.0
417,,,,,
418,,,,,
419,,,,,
420,,,,,
421,,,,,
422,,,,,
423,,,,,
424,,,,,
425,,,,,
426,,,,,
427,,,,,
428,2.0,0.0,0.0,0.0,0.0
429,,,,,
430,,,,,
431,2.0,0.0,1.0,1.0,1.0
432,1.0,0.0,0.0,0.0,0.0
433,1.0,0.0,0.0,0.0,0.0
434,,,,,
435,,,,,
436,1.0,0.0,0.0,1.0,0.0
437,,,,,
438,2.0,0.0,0.0,0.0,0.0
439,2.0,0.0,0.0,0.0,0.0
440,1.0,0.0,0.0,0.0,0.0
441,1.0,0.0,0.0,0.0,0.0
442,,,,,
443,2.0,0.0,0.0,0.0,0.0
444,2.0,0.0,0.0,0.0,0.0
445,,,,,
446,,,,,
447,2.0,1.0,1.0,1.0,0.0
448,2.0,1.0,1.0,1.0,0.0
449,2.0,0.0,0.0,0.0,0.0
450,2.0,0.0,0.0,0.0,0.0
451,2.0,0.0,0.0,0.0,0.0
452,2.0,0.0,0.0,0.0,0.0
453,2.0,1.0,0.0,1.0,0.0
454,2.0,1.0,0.0,1.0,0.0
455,2.0,0.0,0.0,1.0,0.0
456,2.0,0.0,0.0,1.0,0.0
457,2.0,1.0,0.0,0.0,0.0
458,2.0,1.0,0.0,0.0,0.0
459,2.0,1.0,0.0,0.0,0.0
460,2.0,1.0,0.0,0.0,0.0
461,2.0,0.0,0.0,0.0,0.0
462,2.0,0.0,0.0,0.0,0.0
463,1.0,0.0,0.0,0.0,0.0
464,1.0,0.0,0.0,0.0,0.0
465,2.0,0.0,0.0,0.0,0.0
466,2.0,0.0,0.0,0.0,0.0
467,2.0,0.0,0.0,0.0,0.0
468,2.0,0.0,0.0,0.0,0.0
469,2.0,0.0,0.0,0.0,0.0
470,2.0,0.0,0.0,0.0,0.0
471,2.0,0.0,0.0,0.0,0.0
472,2.0,0.0,0.0,0.0,0.0
473,2.0,0.0,0.0,0.0,0.0
474,2.0,0.0,0.0,0.0,0.0
475,1.0,0.0,0.0,0.0,0.0
476,1.0,0.0,0.0,0.0,0.0
477,2.0,0.0,1.0,1.0,1.0
478,2.0,0.0,1.0,1.0,1.0
479,1.0,0.0,0.0,0.0,0.0
480,1.0,0.0,0.0,0.0,0.0
481,1.0,0.0,1.0,0.0,0.0
482,1.0,0.0,1.0,0.0,0.0
483,1.0,0.0,0.0,0.0,1.0
484,1.0,0.0,0.0,0.0,1.0
485,2.0,0.0,0.0,1.0,0.0
486,2.0,0.0,0.0,1.0,0.0
487,2.0,1.0,0.0,0.0,0.0
488,2.0,1.0,0.0,0.0,0.0
489,0.0,0.0,0.0,0.0,1.0
490,0.0,0.0,0.0,0.0,1.0
491,2.0,0.0,0.0,0.0,0.0
492,2.0,0.0,0.0,0.0,0.0
493,2.0,1.0,1.0,0.0,0.0
494,2.0,1.0,1.0,0.0,0.0
495,,,,,
496,,,,,
497,,,,,
498,,,,,
499,,,,,
500,,,,,
501,,,,,
502,,,,,
503,,,,,
504,,,,,
505,,,,,
506,,,,,
507,,,,,
508,,,,,
509,,,,,
510,,,,,
511,,,,,
512,,,,,
513,,,,,
514,,,,,
515,,,,,
516,,,,,
517,,,,,
518,2.0,0.0,1.0,0.0,0.0
519,1.0,1.0,0.0,0.0,1.0
520,,,,,
521,1.0,0.0,0.0,0.0,1.0
522,,,,,
523,,,,,
524,,,,,
525,,,,,
526,,,,,
527,,,,,
528,2.0,0.0,0.0,0.0,1.0
529,1.0,1.0,0.0,0.0,1.0
530,0.0,0.0,0.0,0.0,0.0
531,1.0,0.0,0.0,0.0,1.0
532,2.0,1.0,1.0,0.0,0.0
533,,,,,
534,,,,,
535,,,,,
536,,,,,
537,,,,,
538,,,,,
539,,,,,
540,,,,,
541,,,,,
542,,,,,
543,,,,,
544,,,,,
545,,,,,
546,,,,,
547,,,,,
548,,,,,
549,,,,,
550,,,,,
551,,,,,
552,,,,,
553,,,,,
554,,,,,
555,,,,,
556,,,,,
557,,,,,
558,,,,,
559,,,,,
560,,,,,
561,,,,,
562,,,,,
563,,,,,
564,,,,,
565,,,,,
566,2.0,0.0,1.0,0.0,0.0
567,,,,,
568,,,,,
569,,,,,
570,1.0,0.0,0.0,1.0,0.0
571,2.0,0.0,0.0,0.0,0.0
572,0.0,0.0,0.0,0.0,0.0
573,0.0,0.0,0.0,1.0,0.0
574,,,,,
575,,,,,
576,,,,,
577,,,,,
578,,,,,
579,,,,,
580,,,,,
581,,,,,
582,1.0,1.0,0.0,0.0,1.0
583,1.0,0.0,0.0,0.0,0.0
584,1.0,0.0,0.0,1.0,0.0
585,1.0,0.0,0.0,0.0,1.0
586,,,,,
587,,,,,
588,,,,,
589,,,,,
590,,,,,
591,,,,,
592,,,,,
593,,,,,
594,,,,,
595,,,,,
596,,,,,
597,,,,,
598,,,,,
599,,,,,
600,,,,,
601,,,,,
602,,,,,
603,2.0,0.0,1.0,1.0,1.0
604,,,,,
605,,,,,
606,,,,,
607,,,,,
608,,,,,
609,2,0,0,1,0
610,2,0,0,1,0
611,1,0,0,1,0
612,0,0,0,1,0
613,0,0,0,0,1
614,1,0,0,1,0
615,1,0,0,1,0
616,1,0,0,1,0
617,1,0,0,1,0
618,0,0,0,1,1
619,0,0,0,0,0
620,1,0,0,0,0
621,1,0,0,1,0
622,1,0,0,1,0
623,0,0,0,1,0
624,1,0,0,0,0
625,1,0,0,1,0
626,0,0,0,1,0
627,1,0,0,1,0
628,1,0,0,0,1
629,2,0,0,1,0
630,0,0,0,0,1
631,1,0,0,0,0
632,1,0,0,1,0
633,0,0,0,0,0
634,1,0,0,1,0
635,0,0,0,0,1
636,1,0,0,1,0
637,1,0,0,0,1
638,0,0,0,1,0
639,2,0,0,1,0
640,2,0,0,1,0
641,1,0,0,1,0
642,2,0,0,1,0
643,1,0,0,1,0
644,1,0,0,1,0
645,1,0,0,1,0
646,1,0,0,1,0
647,2,0,0,0,1
648,1,0,0,1,0
649,2,0,0,1,0
650,2,0,1,1,0
651,1,0,0,1,0
652,1,0,0,1,0
653,1,0,0,1,0
654,2,0,0,1,0
655,2,0,0,1,0
656,2,0,0,1,0
657,2,0,0,1,0
658,2,0,0,1,0
659,1,0,0,1,0
660,1,0,0,1,0
661,0,0,0,0,1
662,0,0,0,1,0
663,1,0,0,1,0
664,2,0,0,1,0
665,1,0,0,1,0
666,1,0,0,1,0
667,1,0,0,1,0
668,2,0,0,1,0
669,2,0,0,1,0
670,2,0,0,1,0
671,2,0,0,1,0
672,0,0,0,0,1
673,0,0,0,0,1
674,1,0,0,1,0
675,0,0,0,0,1
676,1,0,0,0,1
677,1,0,0,0,0
678,2,0,0,1,0
679,2,0,0,1,0
680,1,0,0,0,0
681,0,0,0,0,0
682,2,0,0,1,0
683,1,0,0,1,0
684,0,0,0,0,1
685,1,0,0,0,0
686,1,0,0,0,1
687,2,0,0,1,0
688,1,0,0,1,0
689,2,0,0,1,0
690,2,0,0,1,0
691,1,0,0,0,1
692,1,0,0,0,0
693,2,0,0,0,0
694,0,0,0,1,0
695,2,0,0,1,0
696,2,1,1,1,0
697,1,1,1,1,0
698,2,1,1,0,1
699,2,1,1,1,0
700,,,,,
701,1,1,1,1,1
702,1,0,1,0,1
703,1,0,1,0,1
704,2,0,1,1,0
705,,,,,
706,2,1,1,1,0
707,,,,,
708,,,,,
709,2,0,1,1,0
710,,,,,
711,2,1,1,1,0
712,2,1,1,1,0
713,2,0,0,0,0
714,2,1,1,1,0
715,,,,,
716,,,,,
717,2,1,0,0,0
718,2,0,1,1,0
719,2,0,1,1,0
720,1,0,1,0,1
721,2,1,1,1,0
722,2,1,1,1,0
723,2,1,1,1,0
724,2,1,1,1,0
725,2,1,1,1,0
726,,,,,
727,,,,,
728,1,1,1,1,0
729,,,,,
730,,,,,
731,1,0,0,0,1
732,,,,,
733,,,,,
734,,,,,
735,,,,1.0,0.0
736,,,,,
737,,,,,
738,,,,,
739,,,,,
740,,,,,
741,,,,,
742,,,,,
743,,,,,
744,,,,,
745,,,,,
746,,,,,
747,,,,,
748,1.0,0.0,0.0,1.0,
749,,,,,
750,,,,,
751,,,,,
752,,,,,
753,,,,,
754,,,,,
755,,,,,
756,,,,,
757,,,,,
758,,,,,
759,,,,,
760,,,,,
761,,,,,
762,,,,,
763,,,,,
764,,,,,
765,,,,,
766,,,,,
767,,,,,
768,,,,,
769,,,,,
770,,,,,
771,,,,,
772,,,,,
773,,,,,
774,,,,,
775,2.0,2.0,0.0,1.0,1.0
776,,,,,
777,,,,,
778,,,,,
779,2.0,1.0,0.0,1.0,1.0
780,,,,,
781,,,,,
782,,,,,
783,,,,,
784,,,,,
785,,,,,
786,,,,,
787,,,,,
788,,,,,
789,,,,,
790,2.0,2.0,1.0,1.0,1.0
791,,,,,
792,,,,,
793,,,,,
794,0.0,0.0,1.0,1.0,1.0
795,,,,,
796,,,,,
797,,,,,
798,,,,,
799,,,,,
800,,,,,
801,,,,,
802,,,,,
803,,,,,
804,,,,,
805,,,,,
806,,,,,
807,,,,,
808,,,,,
809,,,,,
810,,,,,
811,,,,,
812,,,,,
813,,,,,
814,,,,,
815,,,,,
816,,,,,
817,,,,,
818,,,,,
819,,,,,
820,,,,,
821,,,,,
822,,,,,
823,,,,,
824,,,,,
825,,,,,
826,,,,,
827,,,,,
828,,,,,
829,,,,,
830,1.0,2.0,1.0,1.0,1.0
831,,,,,
832,,,,,
833,,,,,
834,,,,,
835,,,,,
836,,,,,
837,,,,,
838,,,,,
839,,,,,
840,,,,,
841,,,,,
842,,,,,
843,,,,,
844,,,,,
845,,,,,
846,,,,,
847,,,,,
848,,,,,
849,,,,,
850,,,,,
851,,,,,
852,,,,,
853,,,,,
854,,,,,
855,,,,,
856,,,,,
857,,,,,
858,,,,,
859,,,,,
860,,,,,
861,,,,,
862,,,,,
863,,,,,
864,,,,,
865,,,,,
866,,,,,
867,,,,,
868,,,,,
869,,,,,
870,,,,,
871,,,,,
872,,,,,
873,,,,,
874,,,,,
875,,,,,
876,,,,,
877,,,,,
878,,,,,
879,,,,,
880,,,,,
881,,,,,
882,2.0,0.0,0.0,1.0,1.0
883,,,,,
884,2.0,0.0,0.0,1.0,0.0
885,,,,,
886,,,,,
887,1.0,1.0,0.0,1.0,0.0
888,2.0,0.0,0.0,1.0,1.0
889,,,,,
890,2.0,0.0,0.0,0.0,1.0
891,,,,,
892,,,,,
893,,,,,
894,,,,,
895,,,,,
896,,,,,
897,1.0,0.0,0.0,0.0,0.0
898,,,,,
899,,,,,
900,,,,,
901,,,,,
902,,,,,
903,,,,,
904,,,,,
905,,,,,
906,1.0,0.0,1.0,1.0,1.0
907,,,,,
908,,,,,
909,2.0,1.0,0.0,0.0,0.0
910,,,,,
911,1.0,0.0,0.0,0.0,0.0
912,1.0,1.0,0.0,1.0,0.0
913,,,,,
914,,,,,
915,1.0,1.0,0.0,0.0,0.0
916,1.0,0.0,0.0,1.0,1.0
917,1.0,0.0,0.0,0.0,1.0
918,,,,,
919,,,,,
920,,,,,
921,2.0,1.0,1.0,1.0,0.0
922,1.0,1.0,,1.0,1.0
923,1.0,0.0,0.0,0.0,1.0
924,2.0,0.0,1.0,0.0,1.0
925,1.0,1.0,0.0,1.0,0.0
926,1.0,1.0,0.0,1.0,0.0
927,,,,,
928,1.0,1.0,0.0,1.0,1.0
929,,,,,
930,1.0,1.0,0.0,1.0,0.0
931,2.0,0.0,0.0,1.0,0.0
932,,,,,
933,,,,,
934,,,,,
935,,,,,
936,,,,,
937,,,,,
938,1.0,1.0,0.0,1.0,0.0
939,,,,,
940,,,,,
941,1.0,0.0,1.0,1.0,0.0
942,2.0,0.0,1.0,1.0,0.0
943,0.0,0.0,0.0,0.0,1.0
944,,,,,
945,,,,,
946,,,,,
947,,,,,
948,,,,,
949,1.0,0.0,1.0,1.0,0.0
950,,,,,
951,,,,,
952,,,,,
953,,,,,
954,,,,,
955,,,,,
956,,,,,
957,,,,,
958,,,,,
959,1.0,0.0,1.0,1.0,0.0
960,1.0,1.0,0.0,1.0,1.0
961,2.0,1.0,0.0,0.0,0.0
962,1.0,0.0,1.0,1.0,0.0
963,,,,,
964,,,,,
965,0.0,0.0,1.0,1.0,0.0
966,,,,,
967,,,,,
968,,,,,
969,,,,,
970,,,,,
971,,,,,
972,,,,,
973,,,,,
974,,,,,
975,,,,,
976,,,,,
977,1.0,1.0,0.0,0.0,0.0
978,2.0,1.0,1.0,0.0,0.0
979,,,,,
980,,,,,
981,,,,,
982,,,,,
983,1.0,1.0,1.0,,0.0
984,0.0,0.0,0.0,1.0,0.0
985,,,,,
986,,,,,
987,0.0,0.0,0.0,0.0,1.0
988,1.0,0.0,0.0,1.0,1.0
989,1.0,0.0,0.0,0.0,0.0
990,,,,,
991,1.0,1.0,0.0,1.0,0.0
992,1.0,1.0,0.0,1.0,1.0
993,,,,,
994,1.0,0.0,0.0,1.0,1.0
995,2.0,1.0,0.0,1.0,0.0
996,1.0,1.0,1.0,0.0,0.0
997,,,,,
998,1.0,0.0,0.0,1.0,0.0
999,,,,,
1000,,,,,
1001,,,,,
1002,,,,,
1003,,,,,
1004,,,,,
1005,,,,,
1006,,,,,
1007,,,,,
1008,,,,,
1009,,,,,
1010,,,,,
1011,,,,,
1012,,,,,
1013,,,,,
1014,,,,,
1015,,,,,
1016,,,,,
1017,,,,,
1018,,,,,
1019,,,,,
1020,,,,,
1021,,,,,
1022,,,,,
1023,,,,,
1024,,,,,
1025,,1.0,1.0,1.0,0.0
1026,,,,,
1027,,,,,
1028,,,,,
1029,,,,,
1030,,,,,
1031,,,,,
1032,,,,,
1033,,,,,
1034,,,,,
1035,,,,,
1036,,,,,
1037,,,,,
1038,,,,,
1039,,,,,
1040,,,,,
1041,,,,,
1042,,,,,
1043,,,,,
1044,,,,,
1045,,,,,
1046,,,,,
1047,,,,,
1048,,,,,
1049,,,,,
1050,,,,,
1051,,,,,
1052,,,,,
1053,,,,,
1054,,,,,
1055,,0.0,,1.0,0.0
1056,,,,,
1057,,,,,
1058,,1.0,,1.0,0.0
1059,,,,,
1060,,1.0,,1.0,1.0
1061,,1.0,,1.0,0.0
1062,,,,,
1063,,0.0,,1.0,1.0
1064,,,,,
1065,,0.0,0.0,1.0,0.0
1066,,,,,
1067,,,,,
1068,,1.0,,1.0,0.0
1069,,0.0,,1.0,0.0
1070,,,,,
1071,,,,,
1072,,,,,
1073,,,,,
1074,,,,,
1075,,,,,
1076,,,,,
1077,,,,,
1078,,,,,
1079,,,,,
1080,,,,,
1081,,1.0,,1.0,0.0
1082,,1.0,0.0,1.0,0.0
1083,,,,,
1084,,,,,
1085,,,,,
1086,,,,,
1087,,,,,
1088,,,,,
1089,,,,,
1090,,,,,
1091,,,,,
1092,,,,,
1093,,,,,
1094,,,,,
1095,,,,,
1096,,,,,
1097,,,,,
1098,,1.0,,1.0,0.0
1099,,,,,
1100,,,,,
1101,,,,,
1102,,,,,
1103,,,,,
1104,,0.0,,1.0,1.0
1105,,,,,
1106,,0.0,,0.0,1.0
1107,,,,,
1108,,,,,
1109,,,,,
1110,,,,,
1111,,,,,
1112,,,,,
1113,,,,,
1114,,,,,
1115,,0.0,,0.0,0.0
1116,,,,,
1117,,,,,
1118,,,,,
1119,,,,,
1120,,,,,
1121,,,,,
1122,,,,,
1123,,,,,
1124,,,,,
1125,,,,,
1126,,,,,
1127,,,,,
1128,,,,,
1129,,,,,
1130,,,,,
1131,,,,,
1132,,,,,
1133,,,,,
1134,,,,,
1135,,,,,
1136,,,,,
1137,,,,,
1138,,,,,
1139,,,,,
1140,,,,,
1141,,,,,
1142,,,,,
1143,,,,,
1144,,,,,
1145,,,,,
1146,,,,,
1147,,0.0,,1.0,1.0
1148,,,,,
1149,,1.0,,1.0,0.0
1150,,,,,
1151,,,,,
1152,,,,,
1153,,,,,
1154,,,,,
1155,,,,,
1156,,,,,
1157,,,,,
1158,,,,,
1159,,,,,
1160,,,,,
1161,,1.0,,0.0,0.0
1162,,,,,
1163,,,,,
1164,,,,,
1165,,1.0,,1.0,1.0
1166,,,,,
1167,,,,,
1168,,0.0,,0.0,0.0
1169,,,,,
1170,,,,,
1171,,,,,
1172,,,,,
1173,,,,,
1174,,,,,
1175,,,,,
1176,,,,,
1177,,,,,
1178,,,,,
1179,,,,,
1180,,,,,
1181,,,,,
1182,,,,,
1183,,,,,
1184,,,,,
1185,,,,,
1186,,,,,
1187,,,,,
1188,,,,,
1189,,,,,
1190,,,,,
1191,,,,,
1192,,,,,
1193,,,,,
1194,,,,,
1195,,,,,
1196,,,,,
1197,,1.0,,0.0,0.0
1198,,1.0,,1.0,0.0
1199,,0.0,,1.0,1.0
1200,,0.0,0.0,0.0,1.0
1201,,,,,
1202,,,,,
1203,,,,,
1204,,0.0,,0.0,1.0
1205,,0.0,,0.0,1.0
1206,,1.0,,1.0,0.0
1207,,,,,
1208,,1.0,,1.0,1.0
1209,,,,,
1210,,1.0,,1.0,0.0
1211,,0.0,,1.0,0.0
1212,,,,,
1213,,,,,
1214,,0.0,,0.0,1.0
1215,,,,,
1216,,,,,
1217,,,,,
1218,,,,,
1219,,0.0,1.0,1.0,0.0
1220,,0.0,,0.0,1.0
1221,,,,,
1222,,,,,
1223,,1.0,,0.0,0.0
1224,,,,,
1225,,0.0,,1.0,0.0
1226,,0.0,,0.0,0.0
1227,,0.0,,0.0,0.0
1228,,,,,
1229,,,,,
1230,,,,,
1231,,,,,
1232,,,,,
1233,,0.0,,1.0,0.0
1234,,1.0,0.0,1.0,1.0
1235,,1.0,,0.0,0.0
1236,,0.0,,1.0,0.0
1237,,,,,
1238,,,,,
1239,,0.0,1.0,1.0,0.0
1240,,,,,
1241,,,,,
1242,,,,,
1243,,,,,
1244,,,,,
1245,,,,,
1246,,,,,
1247,,,,,
1248,,1.0,,0.0,0.0
1249,,1.0,,0.0,0.0
1250,,,,,
1251,,,,,
1252,,,,,
1253,,1.0,,,0.0
1254,,0.0,,1.0,0.0
1255,,,,,
1256,,,,,
1257,,0.0,0.0,0.0,1.0
1258,,0.0,,1.0,1.0
1259,,0.0,,0.0,0.0
1260,,,,,
1261,,1.0,,1.0,0.0
1262,,1.0,,1.0,1.0
1263,,,,,
1264,,0.0,,1.0,1.0
1265,,1.0,,1.0,0.0
1266,,1.0,,0.0,0.0
1267,,,,,
1268,,0.0,0.0,1.0,0.0
1269,,,,,
1270,,,,,
1271,,,,,
1272,,,,,
1273,1.0,0.0,0.0,1.0,1.0
1274,1.0,0.0,0.0,0.0,0.0
1275,1.0,0.0,0.0,0.0,1.0
1276,1.0,0.0,0.0,0.0,0.0
1277,1.0,0.0,0.0,0.0,1.0
1278,2.0,1.0,0.0,1.0,1.0
1279,1.0,0.0,0.0,0.0,0.0
1280,0.0,0.0,0.0,1.0,0.0
1281,1.0,1.0,0.0,0.0,1.0
1282,2.0,0.0,0.0,1.0,1.0
1283,1.0,0.0,1.0,1.0,1.0
1284,0.0,1.0,0.0,0.0,1.0
1285,1.0,0.0,0.0,0.0,1.0
1286,1.0,0.0,0.0,0.0,0.0
1287,1.0,0.0,0.0,0.0,0.0
1288,2.0,0.0,0.0,0.0,0.0
1289,1.0,0.0,0.0,0.0,1.0
1290,2.0,0.0,0.0,1.0,0.0
1291,2.0,0.0,0.0,0.0,1.0
1292,0.0,0.0,0.0,0.0,1.0
1293,1.0,0.0,1.0,1.0,1.0
1294,0.0,0.0,1.0,0.0,0.0
1295,2.0,1.0,1.0,0.0,1.0
1296,1.0,0.0,0.0,0.0,1.0
1297,1.0,0.0,0.0,1.0,0.0
1298,2.0,1.0,1.0,0.0,1.0
1299,1.0,0.0,1.0,0.0,1.0
1300,2.0,0.0,1.0,1.0,0.0
1301,2.0,1.0,0.0,0.0,1.0
1302,1.0,0.0,0.0,0.0,0.0
1303,1.0,0.0,0.0,0.0,1.0
1304,1.0,0.0,0.0,1.0,0.0
1305,1.0,0.0,0.0,1.0,0.0
1306,1.0,0.0,0.0,0.0,1.0
1307,2.0,0.0,0.0,0.0,0.0
1308,2.0,0.0,0.0,0.0,0.0
1309,1.0,0.0,0.0,1.0,0.0
1310,1.0,0.0,0.0,0.0,1.0
1311,0.0,0.0,1.0,0.0,1.0
1312,1.0,0.0,0.0,0.0,1.0
1313,2.0,0.0,0.0,1.0,0.0
1314,,,,,
1315,1.0,0.0,0.0,1.0,0.0
1316,2.0,0.0,0.0,1.0,1.0
1317,2.0,0.0,1.0,1.0,1.0
1318,2.0,1.0,0.0,1.0,0.0
1319,0.0,0.0,0.0,0.0,1.0
1320,0.0,0.0,0.0,0.0,0.0
1321,1.0,0.0,0.0,1.0,1.0
1322,2.0,0.0,1.0,0.0,1.0
1323,0.0,0.0,0.0,0.0,1.0
1324,1.0,0.0,0.0,0.0,1.0
1325,1.0,0.0,0.0,1.0,1.0
1326,2.0,0.0,0.0,0.0,1.0
1327,0.0,0.0,0.0,1.0,1.0
1328,2.0,0.0,1.0,0.0,0.0
1329,1.0,0.0,0.0,0.0,1.0
1330,1.0,0.0,1.0,1.0,1.0
1331,1.0,0.0,1.0,1.0,1.0
1332,,,,,
1333,0.0,0.0,0.0,0.0,0.0
1334,2.0,1.0,0.0,0.0,0.0
1335,1.0,0.0,1.0,0.0,0.0
1336,2.0,1.0,1.0,1.0,0.0
1337,1.0,0.0,1.0,1.0,0.0
1338,1.0,0.0,1.0,0.0,0.0
1339,2.0,0.0,0.0,0.0,0.0
1340,1.0,0.0,0.0,0.0,0.0
1341,1.0,0.0,0.0,0.0,0.0
1342,2.0,0.0,0.0,0.0,
1343,1.0,0.0,0.0,0.0,0.0
1344,1.0,0.0,1.0,0.0,1.0
1345,1.0,0.0,1.0,1.0,1.0
1346,1.0,0.0,0.0,0.0,1.0
1347,1.0,0.0,1.0,1.0,1.0
1348,2.0,0.0,0.0,1.0,0.0
1349,1.0,0.0,0.0,0.0,1.0
1350,2.0,0.0,0.0,0.0,1.0
1351,2.0,0.0,0.0,1.0,0.0
1352,1.0,0.0,1.0,1.0,1.0
1353,1.0,0.0,0.0,0.0,1.0
1354,1.0,0.0,1.0,1.0,0.0
1355,1.0,0.0,0.0,0.0,1.0
1356,1.0,0.0,1.0,1.0,0.0
1357,2.0,1.0,0.0,0.0,0.0
1358,2.0,0.0,0.0,0.0,1.0
1359,1.0,0.0,0.0,0.0,1.0
1360,2.0,0.0,0.0,1.0,1.0
1361,1.0,0.0,0.0,0.0,1.0
1362,1.0,0.0,0.0,1.0,1.0
1363,1.0,0.0,0.0,1.0,0.0
1364,1.0,0.0,0.0,1.0,1.0
1365,1.0,0.0,0.0,0.0,1.0
1366,1.0,0.0,1.0,0.0,1.0
1367,2.0,0.0,0.0,0.0,1.0
1368,1.0,0.0,0.0,1.0,1.0
1369,1.0,0.0,0.0,1.0,0.0
1370,1.0,0.0,0.0,0.0,1.0
1371,0.0,0.0,0.0,1.0,0.0
1372,1.0,0.0,0.0,0.0,0.0
1373,2.0,1.0,0.0,0.0,0.0
1374,1.0,0.0,0.0,1.0,0.0
1375,2.0,0.0,0.0,0.0,1.0
1376,1.0,0.0,0.0,0.0,1.0
1377,2.0,0.0,1.0,1.0,0.0
1378,1.0,0.0,0.0,1.0,1.0
1379,1.0,0.0,0.0,0.0,1.0
1380,0.0,0.0,0.0,1.0,1.0
1381,1.0,1.0,0.0,0.0,0.0
1382,1.0,0.0,0.0,0.0,0.0
1383,0.0,0.0,0.0,1.0,0.0
1384,1.0,1.0,0.0,1.0,1.0
1385,0.0,0.0,0.0,1.0,1.0
1386,1.0,1.0,1.0,0.0,1.0
1387,1.0,0.0,0.0,0.0,0.0
1388,2.0,0.0,0.0,0.0,0.0
1389,1.0,0.0,0.0,1.0,1.0
1390,0.0,0.0,0.0,0.0,1.0
1391,2.0,0.0,0.0,0.0,1.0
1392,2.0,0.0,1.0,1.0,1.0
1393,1.0,1.0,0.0,0.0,0.0
1394,2.0,0.0,0.0,1.0,1.0
1395,2.0,0.0,1.0,1.0,1.0
1396,1.0,0.0,0.0,1.0,1.0
1397,1.0,0.0,0.0,1.0,1.0
1398,2.0,1.0,0.0,0.0,1.0
1399,1.0,1.0,1.0,0.0,1.0
1400,,,,,
1401,1.0,0.0,0.0,0.0,1.0
1402,1.0,0.0,1.0,0.0,1.0
1403,1.0,0.0,1.0,1.0,1.0
1404,2.0,0.0,0.0,1.0,1.0
1405,1.0,0.0,1.0,0.0,0.0
1406,2.0,1.0,0.0,1.0,1.0
1407,2.0,0.0,0.0,0.0,1.0
1408,2.0,0.0,1.0,1.0,0.0
1409,1.0,0.0,1.0,1.0,0.0
1410,2.0,1.0,1.0,0.0,0.0
1411,0.0,0.0,0.0,0.0,1.0
1412,1.0,0.0,1.0,0.0,0.0
1413,0.0,0.0,0.0,0.0,0.0
1414,1.0,1.0,0.0,0.0,0.0
1415,0.0,0.0,0.0,0.0,1.0
1416,2.0,0.0,0.0,0.0,0.0
1417,2.0,0.0,1.0,1.0,0.0
1418,2.0,0.0,1.0,0.0,1.0
1419,2.0,0.0,0.0,0.0,0.0
1420,1.0,0.0,1.0,0.0,1.0
1421,0.0,0.0,0.0,0.0,1.0
1422,1.0,0.0,1.0,1.0,1.0
1423,2.0,0.0,0.0,1.0,1.0
1424,2.0,1.0,0.0,1.0,0.0
1425,0.0,0.0,0.0,0.0,1.0
1426,1.0,0.0,0.0,0.0,0.0
1427,2.0,1.0,0.0,1.0,1.0
1428,2.0,0.0,0.0,0.0,0.0
1429,0.0,0.0,0.0,0.0,1.0
1430,1.0,0.0,0.0,0.0,0.0
1431,1.0,0.0,1.0,0.0,1.0
1432,1.0,0.0,0.0,0.0,1.0
1433,1.0,0.0,0.0,0.0,0.0
1434,2.0,0.0,0.0,0.0,0.0
1435,2.0,1.0,1.0,1.0,0.0
1436,1.0,0.0,1.0,1.0,0.0
1437,0.0,1.0,1.0,1.0,0.0
1438,2.0,0.0,1.0,0.0,0.0
1439,1.0,0.0,0.0,1.0,0.0
1440,1.0,0.0,0.0,0.0,1.0
1441,1.0,0.0,1.0,0.0,1.0
1442,2.0,1.0,0.0,1.0,0.0
1443,1.0,0.0,0.0,0.0,1.0
1444,2.0,0.0,1.0,1.0,1.0
1445,2.0,0.0,0.0,0.0,0.0
1446,1.0,0.0,0.0,1.0,0.0
1447,0.0,0.0,0.0,1.0,0.0
1448,0.0,0.0,0.0,1.0,0.0
1449,2.0,0.0,0.0,1.0,0.0
1450,2.0,0.0,0.0,1.0,1.0
1451,1.0,0.0,1.0,1.0,1.0
1452,2.0,0.0,0.0,0.0,1.0
1453,1.0,0.0,1.0,1.0,1.0
1454,0.0,0.0,0.0,0.0,0.0
1455,1.0,0.0,0.0,0.0,0.0
1456,2.0,0.0,0.0,0.0,1.0
1457,2.0,0.0,0.0,1.0,1.0
1458,1.0,0.0,0.0,1.0,1.0
1459,2.0,0.0,0.0,0.0,1.0
1460,2.0,1.0,1.0,0.0,1.0
1461,1.0,0.0,0.0,0.0,0.0
1462,1.0,1.0,0.0,0.0,1.0
1463,2.0,1.0,0.0,0.0,1.0
1464,1.0,0.0,1.0,0.0,1.0
1465,1.0,1.0,1.0,1.0,1.0
1466,1.0,0.0,0.0,1.0,1.0
1467,2.0,0.0,1.0,0.0,0.0
1468,1.0,0.0,0.0,0.0,1.0
1469,0.0,0.0,0.0,0.0,1.0
1470,2.0,0.0,0.0,1.0,1.0
1471,2.0,0.0,1.0,1.0,0.0
1472,2.0,0.0,0.0,0.0,1.0
1473,1.0,0.0,0.0,0.0,1.0
1474,1.0,0.0,0.0,0.0,0.0
1475,0.0,0.0,0.0,0.0,1.0
1476,2.0,1.0,1.0,0.0,1.0
1477,2.0,0.0,0.0,1.0,1.0
1478,1.0,0.0,0.0,0.0,1.0
1479,2.0,0.0,0.0,1.0,0.0
1480,2.0,0.0,0.0,0.0,0.0
1481,2.0,0.0,0.0,0.0,0.0
1482,1.0,0.0,0.0,0.0,1.0
1483,1.0,0.0,0.0,1.0,0.0
1484,2.0,0.0,1.0,0.0,1.0
1485,1.0,0.0,1.0,1.0,1.0
1486,0.0,0.0,1.0,1.0,1.0
1487,2.0,0.0,0.0,1.0,0.0
1488,0.0,0.0,1.0,0.0,1.0
1489,1.0,0.0,0.0,0.0,1.0
1490,2.0,0.0,0.0,0.0,1.0
1491,2.0,0.0,0.0,1.0,1.0
1492,2.0,0.0,0.0,1.0,1.0
1493,2.0,0.0,0.0,0.0,1.0
1494,1.0,0.0,1.0,0.0,1.0
1495,1.0,0.0,0.0,0.0,1.0
1496,0.0,0.0,0.0,0.0,1.0
1497,2.0,0.0,0.0,0.0,0.0
1498,1.0,0.0,1.0,1.0,1.0
1499,,,,,
1500,2.0,0.0,1.0,1.0,0.0
1501,1.0,0.0,1.0,0.0,1.0
1502,1.0,0.0,0.0,0.0,1.0
1503,2.0,0.0,1.0,0.0,1.0
1504,1.0,0.0,1.0,1.0,0.0
1505,2.0,0.0,1.0,1.0,0.0
1506,2.0,0.0,0.0,1.0,1.0
1507,2.0,0.0,0.0,1.0,1.0
1508,1.0,1.0,1.0,0.0,0.0
1509,2.0,0.0,0.0,0.0,1.0
1510,1.0,0.0,0.0,0.0,1.0
1511,1.0,0.0,0.0,0.0,1.0
1512,1.0,0.0,1.0,1.0,1.0
1513,,,,,
1514,0.0,0.0,0.0,0.0,1.0
1515,1.0,0.0,0.0,1.0,1.0
1516,1.0,0.0,1.0,1.0,1.0
1517,2.0,1.0,0.0,1.0,0.0
1518,1.0,1.0,0.0,1.0,0.0
1519,2.0,0.0,0.0,0.0,1.0
1520,1.0,0.0,0.0,1.0,0.0
1521,2.0,0.0,0.0,1.0,0.0
1522,1.0,0.0,1.0,0.0,1.0
1523,1.0,0.0,0.0,0.0,0.0
1524,2.0,0.0,0.0,0.0,0.0
1525,1.0,0.0,0.0,0.0,0.0
1526,2.0,0.0,0.0,0.0,0.0
1527,2.0,0.0,0.0,0.0,1.0
1528,0.0,0.0,0.0,0.0,1.0
1529,2.0,1.0,0.0,0.0,0.0
1530,1.0,0.0,0.0,0.0,1.0
1531,2.0,0.0,0.0,0.0,0.0
1532,1.0,0.0,1.0,0.0,1.0
1533,2.0,1.0,0.0,0.0,0.0
1534,1.0,0.0,0.0,1.0,1.0
1535,1.0,0.0,0.0,1.0,1.0
1536,0.0,0.0,1.0,1.0,1.0
1537,2.0,0.0,1.0,1.0,1.0
1538,1.0,0.0,0.0,1.0,0.0
1539,1.0,1.0,1.0,1.0,1.0
1540,2.0,0.0,0.0,0.0,1.0
1541,2.0,0.0,0.0,0.0,0.0
1542,0.0,0.0,1.0,1.0,0.0
1543,1.0,0.0,0.0,1.0,0.0
1544,2.0,0.0,1.0,0.0,1.0
1545,1.0,0.0,0.0,1.0,1.0
1546,2.0,0.0,1.0,0.0,0.0
1547,1.0,1.0,0.0,0.0,0.0
1548,2.0,1.0,1.0,1.0,0.0
1549,1.0,0.0,0.0,0.0,1.0
1550,2.0,0.0,1.0,0.0,0.0
1551,0.0,0.0,0.0,0.0,0.0
1552,2.0,0.0,0.0,0.0,1.0
1553,1.0,0.0,0.0,0.0,1.0
1554,1.0,0.0,1.0,0.0,1.0
1555,2.0,1.0,0.0,1.0,0.0
1556,2.0,0.0,0.0,0.0,0.0
1557,1.0,1.0,0.0,1.0,0.0
1558,2.0,0.0,1.0,0.0,0.0
1559,1.0,0.0,0.0,0.0,1.0
1560,2.0,1.0,0.0,1.0,1.0
1561,2.0,0.0,1.0,1.0,1.0
1562,1.0,0.0,0.0,0.0,0.0
1563,2.0,0.0,0.0,0.0,0.0
1564,2.0,0.0,0.0,0.0,0.0
1565,1.0,0.0,0.0,0.0,0.0
1566,1.0,0.0,0.0,0.0,0.0
1567,2.0,0.0,,1.0,1.0
1568,1.0,0.0,0.0,0.0,1.0
1569,2.0,0.0,1.0,0.0,0.0
1570,0.0,0.0,0.0,0.0,0.0
1571,1.0,0.0,0.0,0.0,1.0
1572,1.0,0.0,0.0,0.0,0.0
1573,2.0,1.0,0.0,1.0,1.0
1574,1.0,0.0,0.0,1.0,0.0
1575,0.0,0.0,0.0,0.0,1.0
1576,,1.0,0.0,0.0,0.0
1577,2.0,0.0,0.0,1.0,1.0
1578,1.0,0.0,,1.0,0.0
1579,0.0,0.0,0.0,0.0,0.0
1580,1.0,0.0,0.0,0.0,0.0
1581,2.0,0.0,0.0,1.0,1.0
1582,2.0,0.0,0.0,0.0,1.0
1583,1.0,0.0,0.0,0.0,1.0
1584,1.0,0.0,1.0,1.0,0.0
1585,2.0,1.0,1.0,0.0,1.0
1586,,,,,
1587,,,,,
1588,1.0,0.0,0.0,1.0,1.0
1589,,,,,
1590,1.0,0.0,0.0,0.0,1.0
1591,2.0,0.0,1.0,0.0,1.0
1592,,,,,
1593,,,,,
1594,,,,,
1595,,,,,
1596,,,,,
1597,,,,,
1598,,,,,
1599,,,,,
1600,,,,,
1601,,,,,
1602,,,,,
1603,,,,,
1604,,,,,
1605,,,1.0,,
1606,,,,,
1607,,,,,
1608,,,,,
1609,1.0,0.0,,0.0,1.0
1610,,,,,
1611,,,,,
1612,,,,,
1613,,,,,
1614,,,,,
1615,,,,,
1616,,,,,
1617,,,,,
1618,,,,,
1619,,,,,
1620,,,,,
1621,1.0,0.0,0.0,0.0,1.0
1622,,,,,
1623,,,,,
1624,,,,,
1625,,,,,
1626,,,,,
1627,,,,,
1628,,,,,
1629,,,,,
1630,,,,,
1631,,,,,
1632,,,,,
1633,,,,,
1634,,,,,
1635,,,,,
1636,,,,,
1637,,,,,
1638,,,,,
1639,,,,,
1640,,,,,
1641,,,,,
1642,,,,,
1643,,,,,
1644,,,,,
1645,,,,,
1646,,,,,
1647,,,,,
1648,,,,,
1649,,,,,
1650,,,,,
1651,,,,,
1652,,,,,
1653,,,,,
1654,,,,,
1655,,,,,
1656,,,,,
1657,,,,,
1658,,,,,
1659,,,,,
1660,,,,,
1661,,,,,
1662,,,,,
1663,,,,,
1664,1.0,0.0,0.0,0.0,0.0
1665,,,,,
1666,,,,,
1667,,,,,
1668,,,,,
1669,,,,,
1670,,,,,
1671,,,,,
1672,,,,,
1673,,,,,
1674,,,,,
1675,,,,,
1676,,,,,
1677,,,,,
1678,,,,,
1679,,,,,
1680,,,,,
1681,,,,,
1682,,,,,
1683,,,,,
1684,,,,,
1685,,,,,
1686,,,,,
1687,,,,,
1688,,,,,
1689,,,,,
1690,,,,,
1691,,,,,
1692,,,,,
1693,,,,,
1694,,,,,
1695,,,,,
1696,,,,,
1697,,,,,
1698,,,,,
1699,,,,,
1700,,,,,
1701,,,,,
1702,,,,,
1703,,,,,
1704,,,,,
1705,,,,,
1706,,,,,
1707,,,,,
1708,,,,,
1709,,,,,
1710,,,,,
1711,2.0,1.0,1.0,0.0,0.0
1712,1.0,0.0,,1.0,0.0
1713,2.0,1.0,1.0,1.0,0.0
1714,,,,,
1715,,,,,
1716,1.0,1.0,1.0,1.0,1.0
1717,2.0,0.0,0.0,0.0,0.0
1718,1.0,0.0,0.0,0.0,1.0
1719,2.0,1.0,1.0,0.0,0.0
1720,2.0,0.0,0.0,0.0,0.0
1721,1.0,0.0,0.0,1.0,1.0
1722,1.0,0.0,0.0,1.0,1.0
1723,2.0,0.0,,1.0,1.0
1724,1.0,0.0,0.0,1.0,0.0
1725,2.0,0.0,0.0,0.0,1.0
1726,,,,,
1727,1.0,1.0,0.0,1.0,0.0
1728,1.0,0.0,0.0,1.0,0.0
1729,2.0,1.0,0.0,1.0,1.0
1730,1.0,0.0,0.0,1.0,1.0
1731,1.0,0.0,0.0,1.0,1.0
1732,2.0,0.0,0.0,0.0,1.0
1733,2.0,0.0,1.0,0.0,1.0
1734,2.0,0.0,0.0,0.0,1.0
1735,1.0,0.0,0.0,0.0,1.0
1736,2.0,0.0,0.0,0.0,0.0
1737,,,,,
1738,2.0,0.0,0.0,0.0,0.0
1739,,1.0,0.0,0.0,0.0
1740,1.0,0.0,0.0,0.0,0.0
1741,2.0,0.0,0.0,0.0,0.0
1742,1.0,1.0,0.0,1.0,0.0
1743,2.0,1.0,0.0,0.0,0.0
1744,1.0,0.0,0.0,0.0,1.0
1745,1.0,0.0,0.0,0.0,1.0
1746,1.0,0.0,1.0,0.0,1.0
1747,1.0,0.0,0.0,1.0,0.0
1748,2.0,0.0,1.0,0.0,0.0
1749,1.0,0.0,1.0,1.0,1.0
1750,1.0,0.0,0.0,0.0,0.0
1751,1.0,0.0,1.0,0.0,1.0
1752,2.0,1.0,0.0,1.0,0.0
1753,0.0,0.0,0.0,0.0,1.0
1754,1.0,0.0,0.0,0.0,1.0
1755,2.0,0.0,0.0,0.0,1.0
1756,1.0,0.0,0.0,1.0,1.0
1757,2.0,0.0,1.0,0.0,1.0
1758,1.0,0.0,0.0,0.0,0.0
